rank,uid,title,year,venue,url,problem_claimed,actual_mechanism,hidden_assumptions,variables_treated_as_fixed,failure_modes_ignored,what_it_makes_less_novel,what_it_leaves_open
1,arxiv:2410.19656v1,APRICOT: Active Preference Learning and Constraint-Aware Task Planning with LLMs,2024,arXiv,http://arxiv.org/abs/2410.19656v1,Addresses human preference learning for robots or a neighboring robotics mechanism.,"Prior work usually predicts, ranks, filters, or imitates observed behavior rather than preserving unrealized branches.",The observed outcome is enough to supervise the model.,"Contact mode support, embodiment limits, and deployment perturbations.","Branch collapse, hidden-mode shift, and tail-risk planning failures.",Generic world models and generic uncertainty are crowded.,Preference learning physical side effects keeps action-critical alternatives explicit until a physical observation collapses them.
2,doi:10.1145/3623384,"Unified Learning from Demonstrations, Corrections, and Preferences during Physical Human–Robot Interaction",2024,ACM Transactions on Human-Robot Interaction,https://doi.org/10.1145/3623384,Addresses human preference learning for robots or a neighboring robotics mechanism.,"Prior work usually predicts, ranks, filters, or imitates observed behavior rather than preserving unrealized branches.",The observed outcome is enough to supervise the model.,"Contact mode support, embodiment limits, and deployment perturbations.","Branch collapse, hidden-mode shift, and tail-risk planning failures.",Generic world models and generic uncertainty are crowded.,Preference learning physical side effects keeps action-critical alternatives explicit until a physical observation collapses them.
3,doi:10.3390/s24134113,DriveLLaVA: Human-Level Behavior Decisions via Vision Language Model,2024,Sensors,https://doi.org/10.3390/s24134113,Addresses human preference learning for robots or a neighboring robotics mechanism.,"Prior work usually predicts, ranks, filters, or imitates observed behavior rather than preserving unrealized branches.",The observed outcome is enough to supervise the model.,"Contact mode support, embodiment limits, and deployment perturbations.","Branch collapse, hidden-mode shift, and tail-risk planning failures.",Generic world models and generic uncertainty are crowded.,Preference learning physical side effects keeps action-critical alternatives explicit until a physical observation collapses them.
4,doi:10.1109/iros.2018.8593716,Preference-Based Assistance Prediction for Human-Robot Collaboration Tasks,2018,,https://doi.org/10.1109/iros.2018.8593716,Addresses human preference learning for robots or a neighboring robotics mechanism.,"Prior work usually predicts, ranks, filters, or imitates observed behavior rather than preserving unrealized branches.",The observed outcome is enough to supervise the model.,"Contact mode support, embodiment limits, and deployment perturbations.","Branch collapse, hidden-mode shift, and tail-risk planning failures.",Generic world models and generic uncertainty are crowded.,Preference learning physical side effects keeps action-critical alternatives explicit until a physical observation collapses them.
5,doi:10.1016/j.ijhcs.2006.05.002,"Are physically embodied social agents better than disembodied social agents?: The effects of physical embodiment, tactile interaction, and people's loneliness in human–robot interaction",2006,International Journal of Human-Computer Studies,https://doi.org/10.1016/j.ijhcs.2006.05.002,Addresses human preference learning for robots or a neighboring robotics mechanism.,"Prior work usually predicts, ranks, filters, or imitates observed behavior rather than preserving unrealized branches.",The observed outcome is enough to supervise the model.,"Contact mode support, embodiment limits, and deployment perturbations.","Branch collapse, hidden-mode shift, and tail-risk planning failures.",Generic world models and generic uncertainty are crowded.,Preference learning physical side effects keeps action-critical alternatives explicit until a physical observation collapses them.
6,doi:10.3389/frobt.2017.00058,A User Study on Personalized Stiffness Control and Task Specificity in Physical Human–Robot Interaction,2017,Frontiers in Robotics and AI,https://doi.org/10.3389/frobt.2017.00058,Addresses human preference learning for robots or a neighboring robotics mechanism.,"Prior work usually predicts, ranks, filters, or imitates observed behavior rather than preserving unrealized branches.",The observed outcome is enough to supervise the model.,"Contact mode support, embodiment limits, and deployment perturbations.","Branch collapse, hidden-mode shift, and tail-risk planning failures.",Generic world models and generic uncertainty are crowded.,Preference learning physical side effects keeps action-critical alternatives explicit until a physical observation collapses them.
7,doi:10.1016/j.ijpe.2021.108292,"An analysis of task assignment and cycle times when robots are added to human-operated assembly lines, using mathematical programming models",2021,International Journal of Production Economics,https://doi.org/10.1016/j.ijpe.2021.108292,Addresses human preference learning for robots or a neighboring robotics mechanism.,"Prior work usually predicts, ranks, filters, or imitates observed behavior rather than preserving unrealized branches.",The observed outcome is enough to supervise the model.,"Contact mode support, embodiment limits, and deployment perturbations.","Branch collapse, hidden-mode shift, and tail-risk planning failures.",Generic world models and generic uncertainty are crowded.,Preference learning physical side effects keeps action-critical alternatives explicit until a physical observation collapses them.
8,doi:10.1109/ro-man47096.2020.9223478,Warmth and Competence to Predict Human Preference of Robot Behavior in Physical Human-Robot Interaction,2020,arXiv,http://arxiv.org/abs/2008.05799v1,Addresses human preference learning for robots or a neighboring robotics mechanism.,"Prior work usually predicts, ranks, filters, or imitates observed behavior rather than preserving unrealized branches.",The observed outcome is enough to supervise the model.,"Contact mode support, embodiment limits, and deployment perturbations.","Branch collapse, hidden-mode shift, and tail-risk planning failures.",Generic world models and generic uncertainty are crowded.,Preference learning physical side effects keeps action-critical alternatives explicit until a physical observation collapses them.
9,doi:10.1017/s026357471300074x,I am a warm robot: the effects of temperature in physical human–robot interaction,2013,Robotica,https://doi.org/10.1017/s026357471300074x,Addresses human preference learning for robots or a neighboring robotics mechanism.,"Prior work usually predicts, ranks, filters, or imitates observed behavior rather than preserving unrealized branches.",The observed outcome is enough to supervise the model.,"Contact mode support, embodiment limits, and deployment perturbations.","Branch collapse, hidden-mode shift, and tail-risk planning failures.",Generic world models and generic uncertainty are crowded.,Preference learning physical side effects keeps action-critical alternatives explicit until a physical observation collapses them.
10,doi:10.3390/app10051665,Contingent Task and Motion Planning under Uncertainty for Human–Robot Interactions,2020,Applied Sciences,https://doi.org/10.3390/app10051665,Addresses human preference learning for robots or a neighboring robotics mechanism.,"Prior work usually predicts, ranks, filters, or imitates observed behavior rather than preserving unrealized branches.",The observed outcome is enough to supervise the model.,"Contact mode support, embodiment limits, and deployment perturbations.","Branch collapse, hidden-mode shift, and tail-risk planning failures.",Generic world models and generic uncertainty are crowded.,Preference learning physical side effects keeps action-critical alternatives explicit until a physical observation collapses them.
11,doi:10.1115/dscc2014-5953,Applying the Gale-Shapley Stable Matching Algorithm to Peer Human-Robot Task Allocation,2014,"Volume 3: Industrial Applications; Modeling for Oil and Gas, Control and Validation, Estimation, and Control of Automotive Systems; Multi-Agent and Networked Systems; Control System Design; Physical Human-Robot Interaction; Rehabilitation Robotics; Sensing and Actuation for Control; Biomedical Systems; Time Delay Systems and Stability; Unmanned Ground and Surface Robotics; Vehicle Motion Controls; Vibration Analysis and Isolation; Vibration and Control for Energy Harvesting; Wind Energy",https://doi.org/10.1115/dscc2014-5953,Addresses human preference learning for robots or a neighboring robotics mechanism.,"Prior work usually predicts, ranks, filters, or imitates observed behavior rather than preserving unrealized branches.",The observed outcome is enough to supervise the model.,"Contact mode support, embodiment limits, and deployment perturbations.","Branch collapse, hidden-mode shift, and tail-risk planning failures.",Generic world models and generic uncertainty are crowded.,Preference learning physical side effects keeps action-critical alternatives explicit until a physical observation collapses them.
12,doi:10.1007/s12369-014-0269-4,Why Some Humanoid Faces Are Perceived More Positively Than Others: Effects of Human-Likeness and Task,2015,International Journal of Social Robotics,https://doi.org/10.1007/s12369-014-0269-4,Addresses human preference learning for robots or a neighboring robotics mechanism.,"Prior work usually predicts, ranks, filters, or imitates observed behavior rather than preserving unrealized branches.",The observed outcome is enough to supervise the model.,"Contact mode support, embodiment limits, and deployment perturbations.","Branch collapse, hidden-mode shift, and tail-risk planning failures.",Generic world models and generic uncertainty are crowded.,Preference learning physical side effects keeps action-critical alternatives explicit until a physical observation collapses them.
13,doi:10.1109/tase.2020.2983225,Admittance-Based Controller Design for Physical Human–Robot Interaction in the Constrained Task Space,2020,IEEE Transactions on Automation Science and Engineering,https://doi.org/10.1109/tase.2020.2983225,Addresses human preference learning for robots or a neighboring robotics mechanism.,"Prior work usually predicts, ranks, filters, or imitates observed behavior rather than preserving unrealized branches.",The observed outcome is enough to supervise the model.,"Contact mode support, embodiment limits, and deployment perturbations.","Branch collapse, hidden-mode shift, and tail-risk planning failures.",Generic world models and generic uncertainty are crowded.,Preference learning physical side effects keeps action-critical alternatives explicit until a physical observation collapses them.
14,arxiv:2309.10127v1,Effects of Explanation Strategies to Resolve Failures in Human-Robot Collaboration,2023,arXiv,http://arxiv.org/abs/2309.10127v1,Addresses human preference learning for robots or a neighboring robotics mechanism.,"Prior work usually predicts, ranks, filters, or imitates observed behavior rather than preserving unrealized branches.",The observed outcome is enough to supervise the model.,"Contact mode support, embodiment limits, and deployment perturbations.","Branch collapse, hidden-mode shift, and tail-risk planning failures.",Generic world models and generic uncertainty are crowded.,Preference learning physical side effects keeps action-critical alternatives explicit until a physical observation collapses them.
15,doi:10.3390/robotics15060107,Effects of Anthropomorphic Design and Motion on Human Perception of Industrial Robotic Arms,2026,Robotics,https://doi.org/10.3390/robotics15060107,Addresses human preference learning for robots or a neighboring robotics mechanism.,"Prior work usually predicts, ranks, filters, or imitates observed behavior rather than preserving unrealized branches.",The observed outcome is enough to supervise the model.,"Contact mode support, embodiment limits, and deployment perturbations.","Branch collapse, hidden-mode shift, and tail-risk planning failures.",Generic world models and generic uncertainty are crowded.,Preference learning physical side effects keeps action-critical alternatives explicit until a physical observation collapses them.
16,doi:10.48550/arxiv.2010.07467,Human-guided Robot Behavior Learning: A GAN-assisted Preference-based Reinforcement Learning Approach,2020,arXiv (Cornell University),https://doi.org/10.48550/arxiv.2010.07467,Addresses human preference learning for robots or a neighboring robotics mechanism.,"Prior work usually predicts, ranks, filters, or imitates observed behavior rather than preserving unrealized branches.",The observed outcome is enough to supervise the model.,"Contact mode support, embodiment limits, and deployment perturbations.","Branch collapse, hidden-mode shift, and tail-risk planning failures.",Generic world models and generic uncertainty are crowded.,Preference learning physical side effects keeps action-critical alternatives explicit until a physical observation collapses them.
17,doi:10.1109/thms.2022.3230667,An Empirical Study on Workers' Preferences in Human–Robot Task Assignment in Industrial Assembly Systems,2023,IEEE Transactions on Human-Machine Systems,https://doi.org/10.1109/thms.2022.3230667,Addresses human preference learning for robots or a neighboring robotics mechanism.,"Prior work usually predicts, ranks, filters, or imitates observed behavior rather than preserving unrealized branches.",The observed outcome is enough to supervise the model.,"Contact mode support, embodiment limits, and deployment perturbations.","Branch collapse, hidden-mode shift, and tail-risk planning failures.",Generic world models and generic uncertainty are crowded.,Preference learning physical side effects keeps action-critical alternatives explicit until a physical observation collapses them.
18,arxiv:2605.16514v1,"No Plan, Yet Human: A Reactive Robotics Model Predicts Human Planning Failures on a Clinical Task",2026,arXiv,http://arxiv.org/abs/2605.16514v1,Addresses human preference learning for robots or a neighboring robotics mechanism.,"Prior work usually predicts, ranks, filters, or imitates observed behavior rather than preserving unrealized branches.",The observed outcome is enough to supervise the model.,"Contact mode support, embodiment limits, and deployment perturbations.","Branch collapse, hidden-mode shift, and tail-risk planning failures.",Generic world models and generic uncertainty are crowded.,Preference learning physical side effects keeps action-critical alternatives explicit until a physical observation collapses them.
19,doi:10.1145/3714475,Effects of Human-Like Characteristics in Sampling-Based Motion Planning on the Legibility of Robot Arm Motions,2025,ACM Transactions on Human-Robot Interaction,https://doi.org/10.1145/3714475,Addresses human preference learning for robots or a neighboring robotics mechanism.,"Prior work usually predicts, ranks, filters, or imitates observed behavior rather than preserving unrealized branches.",The observed outcome is enough to supervise the model.,"Contact mode support, embodiment limits, and deployment perturbations.","Branch collapse, hidden-mode shift, and tail-risk planning failures.",Generic world models and generic uncertainty are crowded.,Preference learning physical side effects keeps action-critical alternatives explicit until a physical observation collapses them.
20,arxiv:2303.00957v1,Preference Transformer: Modeling Human Preferences using Transformers for RL,2023,arXiv,http://arxiv.org/abs/2303.00957v1,Addresses human preference learning for robots or a neighboring robotics mechanism.,"Prior work usually predicts, ranks, filters, or imitates observed behavior rather than preserving unrealized branches.",The observed outcome is enough to supervise the model.,"Contact mode support, embodiment limits, and deployment perturbations.","Branch collapse, hidden-mode shift, and tail-risk planning failures.",Generic world models and generic uncertainty are crowded.,Preference learning physical side effects keeps action-critical alternatives explicit until a physical observation collapses them.
21,doi:10.1007/s11370-012-0113-3,Effects of etiquette strategy on human–robot interaction in a simulated medicine delivery task,2012,Intelligent Service Robotics,https://doi.org/10.1007/s11370-012-0113-3,Addresses human preference learning for robots or a neighboring robotics mechanism.,"Prior work usually predicts, ranks, filters, or imitates observed behavior rather than preserving unrealized branches.",The observed outcome is enough to supervise the model.,"Contact mode support, embodiment limits, and deployment perturbations.","Branch collapse, hidden-mode shift, and tail-risk planning failures.",Generic world models and generic uncertainty are crowded.,Preference learning physical side effects keeps action-critical alternatives explicit until a physical observation collapses them.
22,doi:10.3389/fpsyg.2021.625713,Robot Authority in Human-Robot Teaming: Effects of Human-Likeness and Physical Embodiment on Compliance,2021,Frontiers in Psychology,https://doi.org/10.3389/fpsyg.2021.625713,Addresses human preference learning for robots or a neighboring robotics mechanism.,"Prior work usually predicts, ranks, filters, or imitates observed behavior rather than preserving unrealized branches.",The observed outcome is enough to supervise the model.,"Contact mode support, embodiment limits, and deployment perturbations.","Branch collapse, hidden-mode shift, and tail-risk planning failures.",Generic world models and generic uncertainty are crowded.,Preference learning physical side effects keeps action-critical alternatives explicit until a physical observation collapses them.
23,doi:10.1108/josm-07-2024-0323,How task objectivity shapes customer responses to robot service failure,2025,Journal of Service Management,https://doi.org/10.1108/josm-07-2024-0323,Addresses human preference learning for robots or a neighboring robotics mechanism.,"Prior work usually predicts, ranks, filters, or imitates observed behavior rather than preserving unrealized branches.",The observed outcome is enough to supervise the model.,"Contact mode support, embodiment limits, and deployment perturbations.","Branch collapse, hidden-mode shift, and tail-risk planning failures.",Generic world models and generic uncertainty are crowded.,Preference learning physical side effects keeps action-critical alternatives explicit until a physical observation collapses them.
24,arxiv:2205.07081v1,GoalNet: Inferring Conjunctive Goal Predicates from Human Plan Demonstrations for Robot Instruction Following,2022,arXiv,http://arxiv.org/abs/2205.07081v1,Addresses human preference learning for robots or a neighboring robotics mechanism.,"Prior work usually predicts, ranks, filters, or imitates observed behavior rather than preserving unrealized branches.",The observed outcome is enough to supervise the model.,"Contact mode support, embodiment limits, and deployment perturbations.","Branch collapse, hidden-mode shift, and tail-risk planning failures.",Generic world models and generic uncertainty are crowded.,Preference learning physical side effects keeps action-critical alternatives explicit until a physical observation collapses them.
25,doi:10.48550/arxiv.2310.13639,Contrastive Preference Learning: Learning from Human Feedback without RL,2023,arXiv (Cornell University),https://doi.org/10.48550/arxiv.2310.13639,Addresses human preference learning for robots or a neighboring robotics mechanism.,"Prior work usually predicts, ranks, filters, or imitates observed behavior rather than preserving unrealized branches.",The observed outcome is enough to supervise the model.,"Contact mode support, embodiment limits, and deployment perturbations.","Branch collapse, hidden-mode shift, and tail-risk planning failures.",Generic world models and generic uncertainty are crowded.,Preference learning physical side effects keeps action-critical alternatives explicit until a physical observation collapses them.
26,doi:10.1007/s10111-020-00656-7,The best task allocation process is to decide on one’s own: effects of the allocation agent in human–robot interaction on perceived work characteristics and satisfaction,2020,Cognition Technology & Work,https://doi.org/10.1007/s10111-020-00656-7,Addresses human preference learning for robots or a neighboring robotics mechanism.,"Prior work usually predicts, ranks, filters, or imitates observed behavior rather than preserving unrealized branches.",The observed outcome is enough to supervise the model.,"Contact mode support, embodiment limits, and deployment perturbations.","Branch collapse, hidden-mode shift, and tail-risk planning failures.",Generic world models and generic uncertainty are crowded.,Preference learning physical side effects keeps action-critical alternatives explicit until a physical observation collapses them.
27,doi:10.3389/frobt.2022.943261,Influence of task decision autonomy on physical ergonomics and robot performances in an industrial human–robot collaboration scenario,2022,Frontiers in Robotics and AI,https://doi.org/10.3389/frobt.2022.943261,Addresses human preference learning for robots or a neighboring robotics mechanism.,"Prior work usually predicts, ranks, filters, or imitates observed behavior rather than preserving unrealized branches.",The observed outcome is enough to supervise the model.,"Contact mode support, embodiment limits, and deployment perturbations.","Branch collapse, hidden-mode shift, and tail-risk planning failures.",Generic world models and generic uncertainty are crowded.,Preference learning physical side effects keeps action-critical alternatives explicit until a physical observation collapses them.
28,arxiv:2405.11458v1,CPS-LLM: Large Language Model based Safe Usage Plan Generator for Human-in-the-Loop Human-in-the-Plant Cyber-Physical System,2024,arXiv,http://arxiv.org/abs/2405.11458v1,Addresses human preference learning for robots or a neighboring robotics mechanism.,"Prior work usually predicts, ranks, filters, or imitates observed behavior rather than preserving unrealized branches.",The observed outcome is enough to supervise the model.,"Contact mode support, embodiment limits, and deployment perturbations.","Branch collapse, hidden-mode shift, and tail-risk planning failures.",Generic world models and generic uncertainty are crowded.,Preference learning physical side effects keeps action-critical alternatives explicit until a physical observation collapses them.
29,arxiv:2509.18447v1,PrioriTouch: Adapting to User Contact Preferences for Whole-Arm Physical Human-Robot Interaction,2025,arXiv,http://arxiv.org/abs/2509.18447v1,Addresses human preference learning for robots or a neighboring robotics mechanism.,"Prior work usually predicts, ranks, filters, or imitates observed behavior rather than preserving unrealized branches.",The observed outcome is enough to supervise the model.,"Contact mode support, embodiment limits, and deployment perturbations.","Branch collapse, hidden-mode shift, and tail-risk planning failures.",Generic world models and generic uncertainty are crowded.,Preference learning physical side effects keeps action-critical alternatives explicit until a physical observation collapses them.
30,arxiv:2501.03515v1,Effects of Robot Competency and Motion Legibility on Human Correction Feedback,2025,arXiv,http://arxiv.org/abs/2501.03515v1,Addresses human preference learning for robots or a neighboring robotics mechanism.,"Prior work usually predicts, ranks, filters, or imitates observed behavior rather than preserving unrealized branches.",The observed outcome is enough to supervise the model.,"Contact mode support, embodiment limits, and deployment perturbations.","Branch collapse, hidden-mode shift, and tail-risk planning failures.",Generic world models and generic uncertainty are crowded.,Preference learning physical side effects keeps action-critical alternatives explicit until a physical observation collapses them.
31,doi:10.1109/devlrn.2010.5578830,Robot motivator: Increasing user enjoyment and performance on a physical/cognitive task,2010,,https://doi.org/10.1109/devlrn.2010.5578830,Addresses human preference learning for robots or a neighboring robotics mechanism.,"Prior work usually predicts, ranks, filters, or imitates observed behavior rather than preserving unrealized branches.",The observed outcome is enough to supervise the model.,"Contact mode support, embodiment limits, and deployment perturbations.","Branch collapse, hidden-mode shift, and tail-risk planning failures.",Generic world models and generic uncertainty are crowded.,Preference learning physical side effects keeps action-critical alternatives explicit until a physical observation collapses them.
32,doi:10.1109/lra.2021.3086666,Human Posture Prediction During Physical Human-Robot Interaction,2021,IEEE Robotics and Automation Letters,https://doi.org/10.1109/lra.2021.3086666,Addresses human preference learning for robots or a neighboring robotics mechanism.,"Prior work usually predicts, ranks, filters, or imitates observed behavior rather than preserving unrealized branches.",The observed outcome is enough to supervise the model.,"Contact mode support, embodiment limits, and deployment perturbations.","Branch collapse, hidden-mode shift, and tail-risk planning failures.",Generic world models and generic uncertainty are crowded.,Preference learning physical side effects keeps action-critical alternatives explicit until a physical observation collapses them.
33,doi:10.1145/3583136,Recent Trends in Task and Motion Planning for Robotics: A Survey,2023,ACM Computing Surveys,https://doi.org/10.1145/3583136,Addresses human preference learning for robots or a neighboring robotics mechanism.,"Prior work usually predicts, ranks, filters, or imitates observed behavior rather than preserving unrealized branches.",The observed outcome is enough to supervise the model.,"Contact mode support, embodiment limits, and deployment perturbations.","Branch collapse, hidden-mode shift, and tail-risk planning failures.",Generic world models and generic uncertainty are crowded.,Preference learning physical side effects keeps action-critical alternatives explicit until a physical observation collapses them.
34,arxiv:2301.08038v2,A Unified Architecture for Dynamic Role Allocation and Collaborative Task Planning in Mixed Human-Robot Teams,2023,arXiv,http://arxiv.org/abs/2301.08038v2,Addresses human preference learning for robots or a neighboring robotics mechanism.,"Prior work usually predicts, ranks, filters, or imitates observed behavior rather than preserving unrealized branches.",The observed outcome is enough to supervise the model.,"Contact mode support, embodiment limits, and deployment perturbations.","Branch collapse, hidden-mode shift, and tail-risk planning failures.",Generic world models and generic uncertainty are crowded.,Preference learning physical side effects keeps action-critical alternatives explicit until a physical observation collapses them.
35,arxiv:2406.19893v1,Learning Human-Robot Handshaking Preferences for Quadruped Robots,2024,arXiv,http://arxiv.org/abs/2406.19893v1,Addresses human preference learning for robots or a neighboring robotics mechanism.,"Prior work usually predicts, ranks, filters, or imitates observed behavior rather than preserving unrealized branches.",The observed outcome is enough to supervise the model.,"Contact mode support, embodiment limits, and deployment perturbations.","Branch collapse, hidden-mode shift, and tail-risk planning failures.",Generic world models and generic uncertainty are crowded.,Preference learning physical side effects keeps action-critical alternatives explicit until a physical observation collapses them.
36,doi:10.3390/s24092817,Optimizing Human–Robot Teaming Performance through Q-Learning-Based Task Load Adjustment and Physiological Data Analysis,2024,Sensors,https://doi.org/10.3390/s24092817,Addresses human preference learning for robots or a neighboring robotics mechanism.,"Prior work usually predicts, ranks, filters, or imitates observed behavior rather than preserving unrealized branches.",The observed outcome is enough to supervise the model.,"Contact mode support, embodiment limits, and deployment perturbations.","Branch collapse, hidden-mode shift, and tail-risk planning failures.",Generic world models and generic uncertainty are crowded.,Preference learning physical side effects keeps action-critical alternatives explicit until a physical observation collapses them.
37,doi:10.1002/aisy.202100047,Interactive Force Control Based on Multimodal Robot Skin for Physical Human−Robot Collaboration,2022,Advanced Intelligent Systems,https://doi.org/10.1002/aisy.202100047,Addresses human preference learning for robots or a neighboring robotics mechanism.,"Prior work usually predicts, ranks, filters, or imitates observed behavior rather than preserving unrealized branches.",The observed outcome is enough to supervise the model.,"Contact mode support, embodiment limits, and deployment perturbations.","Branch collapse, hidden-mode shift, and tail-risk planning failures.",Generic world models and generic uncertainty are crowded.,Preference learning physical side effects keeps action-critical alternatives explicit until a physical observation collapses them.
38,doi:10.3389/frobt.2022.815871,A Study on the Effects of Cognitive Overloading and Distractions on Human Movement During Robot-Assisted Dressing,2022,Frontiers in Robotics and AI,https://doi.org/10.3389/frobt.2022.815871,Addresses human preference learning for robots or a neighboring robotics mechanism.,"Prior work usually predicts, ranks, filters, or imitates observed behavior rather than preserving unrealized branches.",The observed outcome is enough to supervise the model.,"Contact mode support, embodiment limits, and deployment perturbations.","Branch collapse, hidden-mode shift, and tail-risk planning failures.",Generic world models and generic uncertainty are crowded.,Preference learning physical side effects keeps action-critical alternatives explicit until a physical observation collapses them.
39,doi:10.1207/s15327051hci1901&2_7,Whose Job Is It Anyway? A Study of Human-Robot Interaction in a Collaborative Task,2004,Human-Computer Interaction,https://doi.org/10.1207/s15327051hci1901&2_7,Addresses human preference learning for robots or a neighboring robotics mechanism.,"Prior work usually predicts, ranks, filters, or imitates observed behavior rather than preserving unrealized branches.",The observed outcome is enough to supervise the model.,"Contact mode support, embodiment limits, and deployment perturbations.","Branch collapse, hidden-mode shift, and tail-risk planning failures.",Generic world models and generic uncertainty are crowded.,Preference learning physical side effects keeps action-critical alternatives explicit until a physical observation collapses them.
40,doi:10.1177/02783649231210965,The effects of selected object features on a pick-and-place task: A human multimodal dataset,2024,The International Journal of Robotics Research,https://doi.org/10.1177/02783649231210965,Addresses human preference learning for robots or a neighboring robotics mechanism.,"Prior work usually predicts, ranks, filters, or imitates observed behavior rather than preserving unrealized branches.",The observed outcome is enough to supervise the model.,"Contact mode support, embodiment limits, and deployment perturbations.","Branch collapse, hidden-mode shift, and tail-risk planning failures.",Generic world models and generic uncertainty are crowded.,Preference learning physical side effects keeps action-critical alternatives explicit until a physical observation collapses them.
41,arxiv:2001.08398v1,Socially intelligent task and motion planning for human-robot interaction,2020,arXiv,http://arxiv.org/abs/2001.08398v1,Addresses human preference learning for robots or a neighboring robotics mechanism.,"Prior work usually predicts, ranks, filters, or imitates observed behavior rather than preserving unrealized branches.",The observed outcome is enough to supervise the model.,"Contact mode support, embodiment limits, and deployment perturbations.","Branch collapse, hidden-mode shift, and tail-risk planning failures.",Generic world models and generic uncertainty are crowded.,Preference learning physical side effects keeps action-critical alternatives explicit until a physical observation collapses them.
42,doi:10.1177/0278364903022006003,Estimating Articulated Human Motion with Covariance Scaled Sampling,2003,The International Journal of Robotics Research,https://doi.org/10.1177/0278364903022006003,Addresses human preference learning for robots or a neighboring robotics mechanism.,"Prior work usually predicts, ranks, filters, or imitates observed behavior rather than preserving unrealized branches.",The observed outcome is enough to supervise the model.,"Contact mode support, embodiment limits, and deployment perturbations.","Branch collapse, hidden-mode shift, and tail-risk planning failures.",Generic world models and generic uncertainty are crowded.,Preference learning physical side effects keeps action-critical alternatives explicit until a physical observation collapses them.
43,doi:10.1371/journal.pone.0146310,Seeing Minds in Others – Can Agents with Robotic Appearance Have Human-Like Preferences?,2016,PLoS ONE,https://doi.org/10.1371/journal.pone.0146310,Addresses human preference learning for robots or a neighboring robotics mechanism.,"Prior work usually predicts, ranks, filters, or imitates observed behavior rather than preserving unrealized branches.",The observed outcome is enough to supervise the model.,"Contact mode support, embodiment limits, and deployment perturbations.","Branch collapse, hidden-mode shift, and tail-risk planning failures.",Generic world models and generic uncertainty are crowded.,Preference learning physical side effects keeps action-critical alternatives explicit until a physical observation collapses them.
44,doi:10.1115/1.4067431,Load-Side Dynamics Introduces Complex Effects on Orthotic Actuator Performance in Benchmarking,2025,Journal of Mechanisms and Robotics,https://doi.org/10.1115/1.4067431,Addresses human preference learning for robots or a neighboring robotics mechanism.,"Prior work usually predicts, ranks, filters, or imitates observed behavior rather than preserving unrealized branches.",The observed outcome is enough to supervise the model.,"Contact mode support, embodiment limits, and deployment perturbations.","Branch collapse, hidden-mode shift, and tail-risk planning failures.",Generic world models and generic uncertainty are crowded.,Preference learning physical side effects keeps action-critical alternatives explicit until a physical observation collapses them.
45,arxiv:2407.08065v1,Towards Interpretable Foundation Models of Robot Behavior: A Task Specific Policy Generation Approach,2024,arXiv,http://arxiv.org/abs/2407.08065v1,Addresses human preference learning for robots or a neighboring robotics mechanism.,"Prior work usually predicts, ranks, filters, or imitates observed behavior rather than preserving unrealized branches.",The observed outcome is enough to supervise the model.,"Contact mode support, embodiment limits, and deployment perturbations.","Branch collapse, hidden-mode shift, and tail-risk planning failures.",Generic world models and generic uncertainty are crowded.,Preference learning physical side effects keeps action-critical alternatives explicit until a physical observation collapses them.
46,doi:10.1007/s10846-026-02403-y,STL-Based Motion Planning and Uncertainty-Aware Risk Analysis for Human-Robot Collaboration with a Multi-Rotor Aerial Vehicle,2026,Journal of Intelligent & Robotic Systems,https://doi.org/10.1007/s10846-026-02403-y,Addresses human preference learning for robots or a neighboring robotics mechanism.,"Prior work usually predicts, ranks, filters, or imitates observed behavior rather than preserving unrealized branches.",The observed outcome is enough to supervise the model.,"Contact mode support, embodiment limits, and deployment perturbations.","Branch collapse, hidden-mode shift, and tail-risk planning failures.",Generic world models and generic uncertainty are crowded.,Preference learning physical side effects keeps action-critical alternatives explicit until a physical observation collapses them.
47,doi:10.1108/ir-12-2019-0261,Task motion planning for anthropomorphic arms based on human arm movement primitives,2020,Industrial Robot: the international journal of robotics research and application,https://doi.org/10.1108/ir-12-2019-0261,Addresses human preference learning for robots or a neighboring robotics mechanism.,"Prior work usually predicts, ranks, filters, or imitates observed behavior rather than preserving unrealized branches.",The observed outcome is enough to supervise the model.,"Contact mode support, embodiment limits, and deployment perturbations.","Branch collapse, hidden-mode shift, and tail-risk planning failures.",Generic world models and generic uncertainty are crowded.,Preference learning physical side effects keeps action-critical alternatives explicit until a physical observation collapses them.
48,arxiv:2503.00508v1,HGDiffuser: Efficient Task-Oriented Grasp Generation via Human-Guided Grasp Diffusion Models,2025,arXiv,http://arxiv.org/abs/2503.00508v1,Addresses human preference learning for robots or a neighboring robotics mechanism.,"Prior work usually predicts, ranks, filters, or imitates observed behavior rather than preserving unrealized branches.",The observed outcome is enough to supervise the model.,"Contact mode support, embodiment limits, and deployment perturbations.","Branch collapse, hidden-mode shift, and tail-risk planning failures.",Generic world models and generic uncertainty are crowded.,Preference learning physical side effects keeps action-critical alternatives explicit until a physical observation collapses them.
49,doi:10.1177/02783649241234364,Compliance while resisting: A shear-thickening fluid controller for physical human-robot interaction,2024,The International Journal of Robotics Research,https://doi.org/10.1177/02783649241234364,Addresses human preference learning for robots or a neighboring robotics mechanism.,"Prior work usually predicts, ranks, filters, or imitates observed behavior rather than preserving unrealized branches.",The observed outcome is enough to supervise the model.,"Contact mode support, embodiment limits, and deployment perturbations.","Branch collapse, hidden-mode shift, and tail-risk planning failures.",Generic world models and generic uncertainty are crowded.,Preference learning physical side effects keeps action-critical alternatives explicit until a physical observation collapses them.
50,doi:10.1016/j.chb.2024.108229,When is it right for a robot to be wrong? Children trust a robot over a human in a selective trust task,2024,Computers in Human Behavior,https://doi.org/10.1016/j.chb.2024.108229,Addresses human preference learning for robots or a neighboring robotics mechanism.,"Prior work usually predicts, ranks, filters, or imitates observed behavior rather than preserving unrealized branches.",The observed outcome is enough to supervise the model.,"Contact mode support, embodiment limits, and deployment perturbations.","Branch collapse, hidden-mode shift, and tail-risk planning failures.",Generic world models and generic uncertainty are crowded.,Preference learning physical side effects keeps action-critical alternatives explicit until a physical observation collapses them.
51,doi:10.1080/00140139.2010.489969,Effects of automation and task load on task switching during human supervision of multiple semi-autonomous robots in a dynamic environment,2010,Ergonomics,https://doi.org/10.1080/00140139.2010.489969,Addresses human preference learning for robots or a neighboring robotics mechanism.,"Prior work usually predicts, ranks, filters, or imitates observed behavior rather than preserving unrealized branches.",The observed outcome is enough to supervise the model.,"Contact mode support, embodiment limits, and deployment perturbations.","Branch collapse, hidden-mode shift, and tail-risk planning failures.",Generic world models and generic uncertainty are crowded.,Preference learning physical side effects keeps action-critical alternatives explicit until a physical observation collapses them.
52,doi:10.1049/csy2.70051,SCU‐T‐MPC: Risk‐Aware and Socially Compliant Topological Motion Planning Under Uncertainty,2026,IET Cyber-Systems and Robotics,https://doi.org/10.1049/csy2.70051,Addresses human preference learning for robots or a neighboring robotics mechanism.,"Prior work usually predicts, ranks, filters, or imitates observed behavior rather than preserving unrealized branches.",The observed outcome is enough to supervise the model.,"Contact mode support, embodiment limits, and deployment perturbations.","Branch collapse, hidden-mode shift, and tail-risk planning failures.",Generic world models and generic uncertainty are crowded.,Preference learning physical side effects keeps action-critical alternatives explicit until a physical observation collapses them.
53,arxiv:2504.08184v1,Leveraging Passive Compliance of Soft Robotics for Physical Human-Robot Collaborative Manipulation,2025,arXiv,http://arxiv.org/abs/2504.08184v1,Addresses human preference learning for robots or a neighboring robotics mechanism.,"Prior work usually predicts, ranks, filters, or imitates observed behavior rather than preserving unrealized branches.",The observed outcome is enough to supervise the model.,"Contact mode support, embodiment limits, and deployment perturbations.","Branch collapse, hidden-mode shift, and tail-risk planning failures.",Generic world models and generic uncertainty are crowded.,Preference learning physical side effects keeps action-critical alternatives explicit until a physical observation collapses them.
54,arxiv:2502.19645v2,Fine-Tuning Vision-Language-Action Models: Optimizing Speed and Success,2025,arXiv,http://arxiv.org/abs/2502.19645v2,Addresses human preference learning for robots or a neighboring robotics mechanism.,"Prior work usually predicts, ranks, filters, or imitates observed behavior rather than preserving unrealized branches.",The observed outcome is enough to supervise the model.,"Contact mode support, embodiment limits, and deployment perturbations.","Branch collapse, hidden-mode shift, and tail-risk planning failures.",Generic world models and generic uncertainty are crowded.,Preference learning physical side effects keeps action-critical alternatives explicit until a physical observation collapses them.
55,doi:10.3233/rnn-170802,Robotic gaming prototype for upper limb exercise: Effects of age and embodiment on user preferences and movement,2018,Restorative Neurology and Neuroscience,https://doi.org/10.3233/rnn-170802,Addresses human preference learning for robots or a neighboring robotics mechanism.,"Prior work usually predicts, ranks, filters, or imitates observed behavior rather than preserving unrealized branches.",The observed outcome is enough to supervise the model.,"Contact mode support, embodiment limits, and deployment perturbations.","Branch collapse, hidden-mode shift, and tail-risk planning failures.",Generic world models and generic uncertainty are crowded.,Preference learning physical side effects keeps action-critical alternatives explicit until a physical observation collapses them.
56,doi:10.1007/s10846-023-01935-x,Auction-Based Task Allocation and Motion Planning for Multi-Robot Systems with Human Supervision,2023,Journal of Intelligent & Robotic Systems,https://doi.org/10.1007/s10846-023-01935-x,Addresses human preference learning for robots or a neighboring robotics mechanism.,"Prior work usually predicts, ranks, filters, or imitates observed behavior rather than preserving unrealized branches.",The observed outcome is enough to supervise the model.,"Contact mode support, embodiment limits, and deployment perturbations.","Branch collapse, hidden-mode shift, and tail-risk planning failures.",Generic world models and generic uncertainty are crowded.,Preference learning physical side effects keeps action-critical alternatives explicit until a physical observation collapses them.
57,doi:10.1177/0278364917698748,A framework for singularity-robust manipulator control during physical human-robot interaction,2017,The International Journal of Robotics Research,https://doi.org/10.1177/0278364917698748,Addresses human preference learning for robots or a neighboring robotics mechanism.,"Prior work usually predicts, ranks, filters, or imitates observed behavior rather than preserving unrealized branches.",The observed outcome is enough to supervise the model.,"Contact mode support, embodiment limits, and deployment perturbations.","Branch collapse, hidden-mode shift, and tail-risk planning failures.",Generic world models and generic uncertainty are crowded.,Preference learning physical side effects keeps action-critical alternatives explicit until a physical observation collapses them.
58,doi:10.1049/iet-cvi.2018.5020,Depth‐based end‐to‐end deep network for human action recognition,2019,IET Computer Vision,https://doi.org/10.1049/iet-cvi.2018.5020,Addresses human preference learning for robots or a neighboring robotics mechanism.,"Prior work usually predicts, ranks, filters, or imitates observed behavior rather than preserving unrealized branches.",The observed outcome is enough to supervise the model.,"Contact mode support, embodiment limits, and deployment perturbations.","Branch collapse, hidden-mode shift, and tail-risk planning failures.",Generic world models and generic uncertainty are crowded.,Preference learning physical side effects keeps action-critical alternatives explicit until a physical observation collapses them.
59,doi:10.1007/s12369-020-00629-w,Comparing Robot and Human guided Personalization: Adaptive Exercise Robots are Perceived as more Competent and Trustworthy,2020,International Journal of Social Robotics,https://doi.org/10.1007/s12369-020-00629-w,Addresses human preference learning for robots or a neighboring robotics mechanism.,"Prior work usually predicts, ranks, filters, or imitates observed behavior rather than preserving unrealized branches.",The observed outcome is enough to supervise the model.,"Contact mode support, embodiment limits, and deployment perturbations.","Branch collapse, hidden-mode shift, and tail-risk planning failures.",Generic world models and generic uncertainty are crowded.,Preference learning physical side effects keeps action-critical alternatives explicit until a physical observation collapses them.
60,doi:10.1115/dscc2015-9841,Dynamic Affection-Based Motion Control of a Humanoid Robot to Collaborate With Human in Flexible Assembly in Manufacturing,2015,"Volume 3: Multiagent Network Systems; Natural Gas and Heat Exchangers; Path Planning and Motion Control; Powertrain Systems; Rehab Robotics; Robot Manipulators; Rollover Prevention (AVS); Sensors and Actuators; Time Delay Systems; Tracking Control Systems; Uncertain Systems and Robustness; Unmanned, Ground and Surface Robotics; Vehicle Dynamics Control; Vibration and Control of Smart Structures/Mech Systems; Vibration Issues in Mechanical Systems",https://doi.org/10.1115/dscc2015-9841,Addresses human preference learning for robots or a neighboring robotics mechanism.,"Prior work usually predicts, ranks, filters, or imitates observed behavior rather than preserving unrealized branches.",The observed outcome is enough to supervise the model.,"Contact mode support, embodiment limits, and deployment perturbations.","Branch collapse, hidden-mode shift, and tail-risk planning failures.",Generic world models and generic uncertainty are crowded.,Preference learning physical side effects keeps action-critical alternatives explicit until a physical observation collapses them.
61,doi:10.1109/lra.2022.3143520,A Dynamic Task Allocation Strategy to Mitigate the Human Physical Fatigue in Collaborative Robotics,2022,IEEE Robotics and Automation Letters,https://doi.org/10.1109/lra.2022.3143520,Addresses human preference learning for robots or a neighboring robotics mechanism.,"Prior work usually predicts, ranks, filters, or imitates observed behavior rather than preserving unrealized branches.",The observed outcome is enough to supervise the model.,"Contact mode support, embodiment limits, and deployment perturbations.","Branch collapse, hidden-mode shift, and tail-risk planning failures.",Generic world models and generic uncertainty are crowded.,Preference learning physical side effects keeps action-critical alternatives explicit until a physical observation collapses them.
62,doi:10.1109/tmech.2022.3155601,Cooperative Transportation With Mobile Manipulator: A Capability Map-Based Framework for Physical Human–Robot Collaboration,2022,IEEE/ASME Transactions on Mechatronics,https://doi.org/10.1109/tmech.2022.3155601,Addresses human preference learning for robots or a neighboring robotics mechanism.,"Prior work usually predicts, ranks, filters, or imitates observed behavior rather than preserving unrealized branches.",The observed outcome is enough to supervise the model.,"Contact mode support, embodiment limits, and deployment perturbations.","Branch collapse, hidden-mode shift, and tail-risk planning failures.",Generic world models and generic uncertainty are crowded.,Preference learning physical side effects keeps action-critical alternatives explicit until a physical observation collapses them.
63,doi:10.1080/0144929x.2024.2351195,"The robot saw it coming: physical human interference, deservingness, and self-efficacy in service robot failures",2024,Behaviour and Information Technology,https://doi.org/10.1080/0144929x.2024.2351195,Addresses human preference learning for robots or a neighboring robotics mechanism.,"Prior work usually predicts, ranks, filters, or imitates observed behavior rather than preserving unrealized branches.",The observed outcome is enough to supervise the model.,"Contact mode support, embodiment limits, and deployment perturbations.","Branch collapse, hidden-mode shift, and tail-risk planning failures.",Generic world models and generic uncertainty are crowded.,Preference learning physical side effects keeps action-critical alternatives explicit until a physical observation collapses them.
64,doi:10.1177/02783649211011639,Energy budgets for coordinate invariant robot control in physical human–robot interaction,2021,The International Journal of Robotics Research,https://doi.org/10.1177/02783649211011639,Addresses human preference learning for robots or a neighboring robotics mechanism.,"Prior work usually predicts, ranks, filters, or imitates observed behavior rather than preserving unrealized branches.",The observed outcome is enough to supervise the model.,"Contact mode support, embodiment limits, and deployment perturbations.","Branch collapse, hidden-mode shift, and tail-risk planning failures.",Generic world models and generic uncertainty are crowded.,Preference learning physical side effects keeps action-critical alternatives explicit until a physical observation collapses them.
65,doi:10.1145/3477391,Coordinating Human-Robot Teams with Dynamic and Stochastic Task Proficiencies,2022,ACM Transactions on Human-Robot Interaction,https://doi.org/10.1145/3477391,Addresses human preference learning for robots or a neighboring robotics mechanism.,"Prior work usually predicts, ranks, filters, or imitates observed behavior rather than preserving unrealized branches.",The observed outcome is enough to supervise the model.,"Contact mode support, embodiment limits, and deployment perturbations.","Branch collapse, hidden-mode shift, and tail-risk planning failures.",Generic world models and generic uncertainty are crowded.,Preference learning physical side effects keeps action-critical alternatives explicit until a physical observation collapses them.
66,doi:10.2478/s13230-012-0017-0,Socially Assistive Robotics for Guiding Motor Task Practice,2011,"Paladyn, Journal of Behavioral Robotics",https://doi.org/10.2478/s13230-012-0017-0,Addresses human preference learning for robots or a neighboring robotics mechanism.,"Prior work usually predicts, ranks, filters, or imitates observed behavior rather than preserving unrealized branches.",The observed outcome is enough to supervise the model.,"Contact mode support, embodiment limits, and deployment perturbations.","Branch collapse, hidden-mode shift, and tail-risk planning failures.",Generic world models and generic uncertainty are crowded.,Preference learning physical side effects keeps action-critical alternatives explicit until a physical observation collapses them.
67,doi:10.1155/2019/3679174,sEMG Based Human Motion Intention Recognition,2019,Journal of Robotics,https://doi.org/10.1155/2019/3679174,Addresses human preference learning for robots or a neighboring robotics mechanism.,"Prior work usually predicts, ranks, filters, or imitates observed behavior rather than preserving unrealized branches.",The observed outcome is enough to supervise the model.,"Contact mode support, embodiment limits, and deployment perturbations.","Branch collapse, hidden-mode shift, and tail-risk planning failures.",Generic world models and generic uncertainty are crowded.,Preference learning physical side effects keeps action-critical alternatives explicit until a physical observation collapses them.
68,title:data efficient analytics for optimal human cyber physical systems,Data-efficient Analytics for Optimal Human-Cyber-Physical Systems,2017,eScholarship (California Digital Library),https://openalex.org/W2800207013,Addresses human preference learning for robots or a neighboring robotics mechanism.,"Prior work usually predicts, ranks, filters, or imitates observed behavior rather than preserving unrealized branches.",The observed outcome is enough to supervise the model.,"Contact mode support, embodiment limits, and deployment perturbations.","Branch collapse, hidden-mode shift, and tail-risk planning failures.",Generic world models and generic uncertainty are crowded.,Preference learning physical side effects keeps action-critical alternatives explicit until a physical observation collapses them.
69,doi:10.3389/fnbot.2022.882483,Is It Me or the Robot? A Critical Evaluation of Human Affective State Recognition in a Cognitive Task,2022,Frontiers in Neurorobotics,https://doi.org/10.3389/fnbot.2022.882483,Addresses human preference learning for robots or a neighboring robotics mechanism.,"Prior work usually predicts, ranks, filters, or imitates observed behavior rather than preserving unrealized branches.",The observed outcome is enough to supervise the model.,"Contact mode support, embodiment limits, and deployment perturbations.","Branch collapse, hidden-mode shift, and tail-risk planning failures.",Generic world models and generic uncertainty are crowded.,Preference learning physical side effects keeps action-critical alternatives explicit until a physical observation collapses them.
70,doi:10.1016/j.rcim.2025.103174,You are my eyes: Integrating human intelligence and LLMs in AR-assisted motion planning for industrial mobile robots,2026,Robotics and Computer-Integrated Manufacturing,https://doi.org/10.1016/j.rcim.2025.103174,Addresses human preference learning for robots or a neighboring robotics mechanism.,"Prior work usually predicts, ranks, filters, or imitates observed behavior rather than preserving unrealized branches.",The observed outcome is enough to supervise the model.,"Contact mode support, embodiment limits, and deployment perturbations.","Branch collapse, hidden-mode shift, and tail-risk planning failures.",Generic world models and generic uncertainty are crowded.,Preference learning physical side effects keeps action-critical alternatives explicit until a physical observation collapses them.
71,doi:10.1109/lra.2021.3100603,Autonomy in Physical Human-Robot Interaction: A Brief Survey,2021,IEEE Robotics and Automation Letters,https://doi.org/10.1109/lra.2021.3100603,Addresses human preference learning for robots or a neighboring robotics mechanism.,"Prior work usually predicts, ranks, filters, or imitates observed behavior rather than preserving unrealized branches.",The observed outcome is enough to supervise the model.,"Contact mode support, embodiment limits, and deployment perturbations.","Branch collapse, hidden-mode shift, and tail-risk planning failures.",Generic world models and generic uncertainty are crowded.,Preference learning physical side effects keeps action-critical alternatives explicit until a physical observation collapses them.
72,doi:10.3390/app132011219,Variable Admittance Control in Sliding Mode for Robust Physical Human–Robot Interaction,2023,Applied Sciences,https://doi.org/10.3390/app132011219,Addresses human preference learning for robots or a neighboring robotics mechanism.,"Prior work usually predicts, ranks, filters, or imitates observed behavior rather than preserving unrealized branches.",The observed outcome is enough to supervise the model.,"Contact mode support, embodiment limits, and deployment perturbations.","Branch collapse, hidden-mode shift, and tail-risk planning failures.",Generic world models and generic uncertainty are crowded.,Preference learning physical side effects keeps action-critical alternatives explicit until a physical observation collapses them.
73,doi:10.1109/toh.2021.3071626,Adaptive Human Force Scaling via Admittance Control for Physical Human-Robot Interaction,2021,IEEE Transactions on Haptics,https://doi.org/10.1109/toh.2021.3071626,Addresses human preference learning for robots or a neighboring robotics mechanism.,"Prior work usually predicts, ranks, filters, or imitates observed behavior rather than preserving unrealized branches.",The observed outcome is enough to supervise the model.,"Contact mode support, embodiment limits, and deployment perturbations.","Branch collapse, hidden-mode shift, and tail-risk planning failures.",Generic world models and generic uncertainty are crowded.,Preference learning physical side effects keeps action-critical alternatives explicit until a physical observation collapses them.
74,doi:10.1109/lra.2025.3632607,Fitts' List Revisited: An Empirical Study on Function Allocation in a Two-Agent Physical Human-Robot Collaborative Position/Force Task,2025,arXiv,http://arxiv.org/abs/2505.04722v2,Addresses human preference learning for robots or a neighboring robotics mechanism.,"Prior work usually predicts, ranks, filters, or imitates observed behavior rather than preserving unrealized branches.",The observed outcome is enough to supervise the model.,"Contact mode support, embodiment limits, and deployment perturbations.","Branch collapse, hidden-mode shift, and tail-risk planning failures.",Generic world models and generic uncertainty are crowded.,Preference learning physical side effects keeps action-critical alternatives explicit until a physical observation collapses them.
75,arxiv:2203.00733v1,Task-grasping from human demonstration,2022,arXiv,http://arxiv.org/abs/2203.00733v1,Addresses human preference learning for robots or a neighboring robotics mechanism.,"Prior work usually predicts, ranks, filters, or imitates observed behavior rather than preserving unrealized branches.",The observed outcome is enough to supervise the model.,"Contact mode support, embodiment limits, and deployment perturbations.","Branch collapse, hidden-mode shift, and tail-risk planning failures.",Generic world models and generic uncertainty are crowded.,Preference learning physical side effects keeps action-critical alternatives explicit until a physical observation collapses them.
76,arxiv:2503.07238v1,Learning and planning for optimal synergistic human-robot coordination in manufacturing contexts,2025,arXiv,http://arxiv.org/abs/2503.07238v1,Addresses human preference learning for robots or a neighboring robotics mechanism.,"Prior work usually predicts, ranks, filters, or imitates observed behavior rather than preserving unrealized branches.",The observed outcome is enough to supervise the model.,"Contact mode support, embodiment limits, and deployment perturbations.","Branch collapse, hidden-mode shift, and tail-risk planning failures.",Generic world models and generic uncertainty are crowded.,Preference learning physical side effects keeps action-critical alternatives explicit until a physical observation collapses them.
77,doi:10.1109/tro.2020.2998606,A Computational Multicriteria Optimization Approach to Controller Design for Physical Human-Robot Interaction,2020,IEEE Transactions on Robotics,https://doi.org/10.1109/tro.2020.2998606,Addresses human preference learning for robots or a neighboring robotics mechanism.,"Prior work usually predicts, ranks, filters, or imitates observed behavior rather than preserving unrealized branches.",The observed outcome is enough to supervise the model.,"Contact mode support, embodiment limits, and deployment perturbations.","Branch collapse, hidden-mode shift, and tail-risk planning failures.",Generic world models and generic uncertainty are crowded.,Preference learning physical side effects keeps action-critical alternatives explicit until a physical observation collapses them.
78,doi:10.1177/09544054211014492,Environmental effects on reliability and accuracy of MFCC based voice recognition for industrial human-robot-interaction,2021,Proceedings of the Institution of Mechanical Engineers Part B Journal of Engineering Manufacture,https://doi.org/10.1177/09544054211014492,Addresses human preference learning for robots or a neighboring robotics mechanism.,"Prior work usually predicts, ranks, filters, or imitates observed behavior rather than preserving unrealized branches.",The observed outcome is enough to supervise the model.,"Contact mode support, embodiment limits, and deployment perturbations.","Branch collapse, hidden-mode shift, and tail-risk planning failures.",Generic world models and generic uncertainty are crowded.,Preference learning physical side effects keeps action-critical alternatives explicit until a physical observation collapses them.
79,doi:10.1109/iros.2005.1545011,Effects of nonverbal communication on efficiency and robustness in human-robot teamwork,2005,,https://doi.org/10.1109/iros.2005.1545011,Addresses human preference learning for robots or a neighboring robotics mechanism.,"Prior work usually predicts, ranks, filters, or imitates observed behavior rather than preserving unrealized branches.",The observed outcome is enough to supervise the model.,"Contact mode support, embodiment limits, and deployment perturbations.","Branch collapse, hidden-mode shift, and tail-risk planning failures.",Generic world models and generic uncertainty are crowded.,Preference learning physical side effects keeps action-critical alternatives explicit until a physical observation collapses them.
80,doi:10.1145/3611657,Forging Productive Human-Robot Partnerships Through Task Training,2024,ACM Transactions on Human-Robot Interaction,https://doi.org/10.1145/3611657,Addresses human preference learning for robots or a neighboring robotics mechanism.,"Prior work usually predicts, ranks, filters, or imitates observed behavior rather than preserving unrealized branches.",The observed outcome is enough to supervise the model.,"Contact mode support, embodiment limits, and deployment perturbations.","Branch collapse, hidden-mode shift, and tail-risk planning failures.",Generic world models and generic uncertainty are crowded.,Preference learning physical side effects keeps action-critical alternatives explicit until a physical observation collapses them.
81,doi:10.1109/tcds.2020.2991864,On the Effects of Leader–Follower Roles in Dyadic Human–Robot Synchronization,2020,IEEE Transactions on Cognitive and Developmental Systems,https://doi.org/10.1109/tcds.2020.2991864,Addresses human preference learning for robots or a neighboring robotics mechanism.,"Prior work usually predicts, ranks, filters, or imitates observed behavior rather than preserving unrealized branches.",The observed outcome is enough to supervise the model.,"Contact mode support, embodiment limits, and deployment perturbations.","Branch collapse, hidden-mode shift, and tail-risk planning failures.",Generic world models and generic uncertainty are crowded.,Preference learning physical side effects keeps action-critical alternatives explicit until a physical observation collapses them.
82,arxiv:2112.06020v1,Learn from Human Teams: a Probabilistic Solution to Real-Time Collaborative Robot Handling with Dynamic Gesture Commands,2021,arXiv,http://arxiv.org/abs/2112.06020v1,Addresses human preference learning for robots or a neighboring robotics mechanism.,"Prior work usually predicts, ranks, filters, or imitates observed behavior rather than preserving unrealized branches.",The observed outcome is enough to supervise the model.,"Contact mode support, embodiment limits, and deployment perturbations.","Branch collapse, hidden-mode shift, and tail-risk planning failures.",Generic world models and generic uncertainty are crowded.,Preference learning physical side effects keeps action-critical alternatives explicit until a physical observation collapses them.
83,doi:10.1609/icaps.v36i1.42864,MO-VLA: Preference Adaptation for Vision-Language-Action Models via Multi-Objective Reinforcement Learning,2026,Proceedings of the International Conference on Automated Planning and Scheduling,https://doi.org/10.1609/icaps.v36i1.42864,Addresses human preference learning for robots or a neighboring robotics mechanism.,"Prior work usually predicts, ranks, filters, or imitates observed behavior rather than preserving unrealized branches.",The observed outcome is enough to supervise the model.,"Contact mode support, embodiment limits, and deployment perturbations.","Branch collapse, hidden-mode shift, and tail-risk planning failures.",Generic world models and generic uncertainty are crowded.,Preference learning physical side effects keeps action-critical alternatives explicit until a physical observation collapses them.
84,doi:10.1109/tmech.2023.3275316,Task-Constrained Motion Planning Considering Uncertainty-Informed Human Motion Prediction for Human–Robot Collaborative Disassembly,2023,IEEE/ASME Transactions on Mechatronics,https://doi.org/10.1109/tmech.2023.3275316,Addresses human preference learning for robots or a neighboring robotics mechanism.,"Prior work usually predicts, ranks, filters, or imitates observed behavior rather than preserving unrealized branches.",The observed outcome is enough to supervise the model.,"Contact mode support, embodiment limits, and deployment perturbations.","Branch collapse, hidden-mode shift, and tail-risk planning failures.",Generic world models and generic uncertainty are crowded.,Preference learning physical side effects keeps action-critical alternatives explicit until a physical observation collapses them.
85,doi:10.1115/1.4039145,"A Review of Intent Detection, Arbitration, and Communication Aspects of Shared Control for Physical Human–Robot Interaction",2018,Applied Mechanics Reviews,https://doi.org/10.1115/1.4039145,Addresses human preference learning for robots or a neighboring robotics mechanism.,"Prior work usually predicts, ranks, filters, or imitates observed behavior rather than preserving unrealized branches.",The observed outcome is enough to supervise the model.,"Contact mode support, embodiment limits, and deployment perturbations.","Branch collapse, hidden-mode shift, and tail-risk planning failures.",Generic world models and generic uncertainty are crowded.,Preference learning physical side effects keeps action-critical alternatives explicit until a physical observation collapses them.
86,doi:10.1109/lra.2021.3062787,"Effect of Cognitive Fatigue, Operator Sex, and Robot Assistance on Task Performance Metrics, Workload, and Situation Awareness in Human-Robot Collaboration",2021,IEEE Robotics and Automation Letters,https://doi.org/10.1109/lra.2021.3062787,Addresses human preference learning for robots or a neighboring robotics mechanism.,"Prior work usually predicts, ranks, filters, or imitates observed behavior rather than preserving unrealized branches.",The observed outcome is enough to supervise the model.,"Contact mode support, embodiment limits, and deployment perturbations.","Branch collapse, hidden-mode shift, and tail-risk planning failures.",Generic world models and generic uncertainty are crowded.,Preference learning physical side effects keeps action-critical alternatives explicit until a physical observation collapses them.
87,doi:10.1145/3472208,Are Preferences Useful for Better Assistance?,2021,ACM Transactions on Human-Robot Interaction,https://doi.org/10.1145/3472208,Addresses human preference learning for robots or a neighboring robotics mechanism.,"Prior work usually predicts, ranks, filters, or imitates observed behavior rather than preserving unrealized branches.",The observed outcome is enough to supervise the model.,"Contact mode support, embodiment limits, and deployment perturbations.","Branch collapse, hidden-mode shift, and tail-risk planning failures.",Generic world models and generic uncertainty are crowded.,Preference learning physical side effects keeps action-critical alternatives explicit until a physical observation collapses them.
88,doi:10.3389/frobt.2023.1244656,The effect of human autonomy and robot work pace on perceived workload in human-robot collaborative assembly work,2023,Frontiers in Robotics and AI,https://doi.org/10.3389/frobt.2023.1244656,Addresses human preference learning for robots or a neighboring robotics mechanism.,"Prior work usually predicts, ranks, filters, or imitates observed behavior rather than preserving unrealized branches.",The observed outcome is enough to supervise the model.,"Contact mode support, embodiment limits, and deployment perturbations.","Branch collapse, hidden-mode shift, and tail-risk planning failures.",Generic world models and generic uncertainty are crowded.,Preference learning physical side effects keeps action-critical alternatives explicit until a physical observation collapses them.
89,doi:10.3390/s17040762,Underwater Robot Task Planning Using Multi-Objective Meta-Heuristics,2017,Sensors,https://doi.org/10.3390/s17040762,Addresses human preference learning for robots or a neighboring robotics mechanism.,"Prior work usually predicts, ranks, filters, or imitates observed behavior rather than preserving unrealized branches.",The observed outcome is enough to supervise the model.,"Contact mode support, embodiment limits, and deployment perturbations.","Branch collapse, hidden-mode shift, and tail-risk planning failures.",Generic world models and generic uncertainty are crowded.,Preference learning physical side effects keeps action-critical alternatives explicit until a physical observation collapses them.
90,doi:10.1177/02783649211041652,Learning reward functions from diverse sources of human feedback: Optimally integrating demonstrations and preferences,2022,The International Journal of Robotics Research,https://doi.org/10.1177/02783649211041652,Addresses human preference learning for robots or a neighboring robotics mechanism.,"Prior work usually predicts, ranks, filters, or imitates observed behavior rather than preserving unrealized branches.",The observed outcome is enough to supervise the model.,"Contact mode support, embodiment limits, and deployment perturbations.","Branch collapse, hidden-mode shift, and tail-risk planning failures.",Generic world models and generic uncertainty are crowded.,Preference learning physical side effects keeps action-critical alternatives explicit until a physical observation collapses them.
91,doi:10.1016/j.rcim.2024.102781,A framework for human–robot collaboration enhanced by preference learning and ergonomics,2024,Robotics and Computer-Integrated Manufacturing,https://doi.org/10.1016/j.rcim.2024.102781,Addresses human preference learning for robots or a neighboring robotics mechanism.,"Prior work usually predicts, ranks, filters, or imitates observed behavior rather than preserving unrealized branches.",The observed outcome is enough to supervise the model.,"Contact mode support, embodiment limits, and deployment perturbations.","Branch collapse, hidden-mode shift, and tail-risk planning failures.",Generic world models and generic uncertainty are crowded.,Preference learning physical side effects keeps action-critical alternatives explicit until a physical observation collapses them.
92,doi:10.1109/jas.2017.7510760,Cyber-physical-social system between a humanoid robot and a virtual human through a shared platform for adaptive agent ecology,2017,IEEE/CAA Journal of Automatica Sinica,https://doi.org/10.1109/jas.2017.7510760,Addresses human preference learning for robots or a neighboring robotics mechanism.,"Prior work usually predicts, ranks, filters, or imitates observed behavior rather than preserving unrealized branches.",The observed outcome is enough to supervise the model.,"Contact mode support, embodiment limits, and deployment perturbations.","Branch collapse, hidden-mode shift, and tail-risk planning failures.",Generic world models and generic uncertainty are crowded.,Preference learning physical side effects keeps action-critical alternatives explicit until a physical observation collapses them.
93,doi:10.1109/lra.2021.3083581,Safety-Aware Nonlinear Model Predictive Control for Physical Human-Robot Interaction,2021,IEEE Robotics and Automation Letters,https://doi.org/10.1109/lra.2021.3083581,Addresses human preference learning for robots or a neighboring robotics mechanism.,"Prior work usually predicts, ranks, filters, or imitates observed behavior rather than preserving unrealized branches.",The observed outcome is enough to supervise the model.,"Contact mode support, embodiment limits, and deployment perturbations.","Branch collapse, hidden-mode shift, and tail-risk planning failures.",Generic world models and generic uncertainty are crowded.,Preference learning physical side effects keeps action-critical alternatives explicit until a physical observation collapses them.
94,arxiv:2604.21741v2,Hi-WM: Human-in-the-World-Model for Scalable Robot Post-Training,2026,arXiv,http://arxiv.org/abs/2604.21741v2,Addresses human preference learning for robots or a neighboring robotics mechanism.,"Prior work usually predicts, ranks, filters, or imitates observed behavior rather than preserving unrealized branches.",The observed outcome is enough to supervise the model.,"Contact mode support, embodiment limits, and deployment perturbations.","Branch collapse, hidden-mode shift, and tail-risk planning failures.",Generic world models and generic uncertainty are crowded.,Preference learning physical side effects keeps action-critical alternatives explicit until a physical observation collapses them.
95,arxiv:2510.26139v2,Kinodynamic Task and Motion Planning using VLM-guided and Interleaved Sampling,2025,arXiv,http://arxiv.org/abs/2510.26139v2,Addresses human preference learning for robots or a neighboring robotics mechanism.,"Prior work usually predicts, ranks, filters, or imitates observed behavior rather than preserving unrealized branches.",The observed outcome is enough to supervise the model.,"Contact mode support, embodiment limits, and deployment perturbations.","Branch collapse, hidden-mode shift, and tail-risk planning failures.",Generic world models and generic uncertainty are crowded.,Preference learning physical side effects keeps action-critical alternatives explicit until a physical observation collapses them.
96,doi:10.1002/jcpy.1181,Preference for Human (vs. Robotic) Labor is Stronger in Symbolic Consumption Contexts,2020,Journal of Consumer Psychology,https://doi.org/10.1002/jcpy.1181,Addresses human preference learning for robots or a neighboring robotics mechanism.,"Prior work usually predicts, ranks, filters, or imitates observed behavior rather than preserving unrealized branches.",The observed outcome is enough to supervise the model.,"Contact mode support, embodiment limits, and deployment perturbations.","Branch collapse, hidden-mode shift, and tail-risk planning failures.",Generic world models and generic uncertainty are crowded.,Preference learning physical side effects keeps action-critical alternatives explicit until a physical observation collapses them.
97,doi:10.1145/3319502.3374839,Effects of Anthropomorphism and Accountability on Trust in Human Robot Interaction,2020,,https://doi.org/10.1145/3319502.3374839,Addresses human preference learning for robots or a neighboring robotics mechanism.,"Prior work usually predicts, ranks, filters, or imitates observed behavior rather than preserving unrealized branches.",The observed outcome is enough to supervise the model.,"Contact mode support, embodiment limits, and deployment perturbations.","Branch collapse, hidden-mode shift, and tail-risk planning failures.",Generic world models and generic uncertainty are crowded.,Preference learning physical side effects keeps action-critical alternatives explicit until a physical observation collapses them.
98,doi:10.36227/techrxiv.14307662,A Robust Region Control Approach for Simultaneous Trajectory Tracking and Compliant Physical Human-Robot Interaction,,,https://doi.org/10.36227/techrxiv.14307662,Addresses human preference learning for robots or a neighboring robotics mechanism.,"Prior work usually predicts, ranks, filters, or imitates observed behavior rather than preserving unrealized branches.",The observed outcome is enough to supervise the model.,"Contact mode support, embodiment limits, and deployment perturbations.","Branch collapse, hidden-mode shift, and tail-risk planning failures.",Generic world models and generic uncertainty are crowded.,Preference learning physical side effects keeps action-critical alternatives explicit until a physical observation collapses them.
99,doi:10.1109/iros.2006.281770,"BIRON, where are you? Enabling a robot to learn new places in a real home environment by integrating spoken dialog and visual localization",2006,,https://doi.org/10.1109/iros.2006.281770,Addresses human preference learning for robots or a neighboring robotics mechanism.,"Prior work usually predicts, ranks, filters, or imitates observed behavior rather than preserving unrealized branches.",The observed outcome is enough to supervise the model.,"Contact mode support, embodiment limits, and deployment perturbations.","Branch collapse, hidden-mode shift, and tail-risk planning failures.",Generic world models and generic uncertainty are crowded.,Preference learning physical side effects keeps action-critical alternatives explicit until a physical observation collapses them.
100,doi:10.1080/19368623.2024.2379263,Effects of human-robot interaction type on customer tolerance of humanoid robot service failure,2025,Journal of Hospitality Marketing & Management,https://doi.org/10.1080/19368623.2024.2379263,Addresses human preference learning for robots or a neighboring robotics mechanism.,"Prior work usually predicts, ranks, filters, or imitates observed behavior rather than preserving unrealized branches.",The observed outcome is enough to supervise the model.,"Contact mode support, embodiment limits, and deployment perturbations.","Branch collapse, hidden-mode shift, and tail-risk planning failures.",Generic world models and generic uncertainty are crowded.,Preference learning physical side effects keeps action-critical alternatives explicit until a physical observation collapses them.
